,iqbalminar,oldpssaifabad,pcr,pcr_signal,iqbalminar_signal,oldpssaifabad_signal,overallMeanSpeed,overallmeanTravelTime
0,31.315,14.355,12.952499999999999,30,15,75,13.388926126126124,31.512122522522528
,iqbalminar,oldpssaifabad,pcr,pcr_signal,iqbalminar_signal,oldpssaifabad_signal,overallMeanSpeed,overallmeanTravelTime
0,31.5175,14.155,13.22,30,15,76,13.33455782312925,31.540168277837452
,iqbalminar,oldpssaifabad,pcr,pcr_signal,iqbalminar_signal,oldpssaifabad_signal,overallMeanSpeed,overallmeanTravelTime
0,30.655,13.772499999999999,13.454999999999998,30,15,77,13.330487804878052,31.641151362984218
,iqbalminar,oldpssaifabad,pcr,pcr_signal,iqbalminar_signal,oldpssaifabad_signal,overallMeanSpeed,overallmeanTravelTime
0,30.354999999999997,13.75,13.364999999999998,30,15,78,13.561385454545453,31.521127272727274
,iqbalminar,oldpssaifabad,pcr,pcr_signal,iqbalminar_signal,oldpssaifabad_signal,overallMeanSpeed,overallmeanTravelTime
0,31.0,13.84,13.245000000000001,30,15,79,13.363961510530137,31.40599128540305
,iqbalminar,oldpssaifabad,pcr,pcr_signal,iqbalminar_signal,oldpssaifabad_signal,overallMeanSpeed,overallmeanTravelTime
0,32.4225,13.49,13.632499999999999,30,15,80,13.17488279841327,31.874633970429134
,iqbalminar,oldpssaifabad,pcr,pcr_signal,iqbalminar_signal,oldpssaifabad_signal,overallMeanSpeed,overallmeanTravelTime
0,1879.736,1236.3933333333334,1347.0966666666666,30,15,81,2.2253758436118223,156.19785897137538
,iqbalminar,oldpssaifabad,pcr,pcr_signal,iqbalminar_signal,oldpssaifabad_signal,overallMeanSpeed,overallmeanTravelTime
0,36.69,13.68,14.2575,30,15,82,12.967534734592093,32.020042750267194
,iqbalminar,oldpssaifabad,pcr,pcr_signal,iqbalminar_signal,oldpssaifabad_signal,overallMeanSpeed,overallmeanTravelTime
0,35.075,13.920000000000002,14.4275,30,15,83,12.988194748358861,32.02905543398979
,iqbalminar,oldpssaifabad,pcr,pcr_signal,iqbalminar_signal,oldpssaifabad_signal,overallMeanSpeed,overallmeanTravelTime
0,34.8,13.635000000000002,13.9825,30,15,84,13.106348803480783,31.96992748368383
,iqbalminar,oldpssaifabad,pcr,pcr_signal,iqbalminar_signal,oldpssaifabad_signal,overallMeanSpeed,overallmeanTravelTime
0,30.637499999999996,14.365,12.962499999999999,30,16,75,13.40861846814603,31.25816750178955
,iqbalminar,oldpssaifabad,pcr,pcr_signal,iqbalminar_signal,oldpssaifabad_signal,overallMeanSpeed,overallmeanTravelTime
0,30.3875,14.684999999999999,12.817499999999999,30,16,76,13.48080373161105,31.189002511661286
,iqbalminar,oldpssaifabad,pcr,pcr_signal,iqbalminar_signal,oldpssaifabad_signal,overallMeanSpeed,overallmeanTravelTime
0,29.42,14.315,13.58,30,16,77,13.401374545454544,31.565534545454547
,iqbalminar,oldpssaifabad,pcr,pcr_signal,iqbalminar_signal,oldpssaifabad_signal,overallMeanSpeed,overallmeanTravelTime
0,30.572499999999998,14.129999999999999,12.95,30,16,78,13.37352280955829,31.537545257060096
,iqbalminar,oldpssaifabad,pcr,pcr_signal,iqbalminar_signal,oldpssaifabad_signal,overallMeanSpeed,overallmeanTravelTime
0,31.380000000000003,13.84,13.4025,30,16,79,13.262015140591204,31.722519826964675
,iqbalminar,oldpssaifabad,pcr,pcr_signal,iqbalminar_signal,oldpssaifabad_signal,overallMeanSpeed,overallmeanTravelTime
0,31.825000000000003,14.794999999999998,13.830000000000002,30,16,80,13.057329992841805,31.649112383679313
,iqbalminar,oldpssaifabad,pcr,pcr_signal,iqbalminar_signal,oldpssaifabad_signal,overallMeanSpeed,overallmeanTravelTime
0,33.275,14.799999999999999,14.2725,30,16,81,12.826108935564255,32.26910288358847
,iqbalminar,oldpssaifabad,pcr,pcr_signal,iqbalminar_signal,oldpssaifabad_signal,overallMeanSpeed,overallmeanTravelTime
0,33.57,14.257499999999999,14.56,30,16,82,12.904319885755088,32.10083184576937
,iqbalminar,oldpssaifabad,pcr,pcr_signal,iqbalminar_signal,oldpssaifabad_signal,overallMeanSpeed,overallmeanTravelTime
0,34.7975,13.792499999999999,14.1625,30,16,83,12.997079549582276,32.34347984017436
,iqbalminar,oldpssaifabad,pcr,pcr_signal,iqbalminar_signal,oldpssaifabad_signal,overallMeanSpeed,overallmeanTravelTime
0,32.3225,13.600000000000001,14.342500000000001,30,16,84,13.038721014492754,32.33761231884058
,iqbalminar,oldpssaifabad,pcr,pcr_signal,iqbalminar_signal,oldpssaifabad_signal,overallMeanSpeed,overallmeanTravelTime
0,29.775,15.235000000000001,13.052500000000002,30,17,75,13.266925008970219,31.832020093290275
,iqbalminar,oldpssaifabad,pcr,pcr_signal,iqbalminar_signal,oldpssaifabad_signal,overallMeanSpeed,overallmeanTravelTime
0,750.5442857142856,704.445,657.277142857143,30,17,76,5.77243870967742,46.94859170506913
,iqbalminar,oldpssaifabad,pcr,pcr_signal,iqbalminar_signal,oldpssaifabad_signal,overallMeanSpeed,overallmeanTravelTime
0,30.5025,14.3275,12.774999999999999,30,17,77,13.46800290486565,31.320036310820626
,iqbalminar,oldpssaifabad,pcr,pcr_signal,iqbalminar_signal,oldpssaifabad_signal,overallMeanSpeed,overallmeanTravelTime
0,30.907500000000002,14.512500000000001,13.4425,30,17,78,13.12069239091237,31.735441759826905
,iqbalminar,oldpssaifabad,pcr,pcr_signal,iqbalminar_signal,oldpssaifabad_signal,overallMeanSpeed,overallmeanTravelTime
0,33.193333333333335,15.205,13.995000000000001,30,17,79,12.96196492483894,32.12515390121689
,iqbalminar,oldpssaifabad,pcr,pcr_signal,iqbalminar_signal,oldpssaifabad_signal,overallMeanSpeed,overallmeanTravelTime
0,32.7625,14.6175,14.205,30,17,80,12.898031327874685,32.34302598789605
,iqbalminar,oldpssaifabad,pcr,pcr_signal,iqbalminar_signal,oldpssaifabad_signal,overallMeanSpeed,overallmeanTravelTime
0,33.1175,14.8575,14.43,30,17,81,12.920021865889213,32.43052113702624
,iqbalminar,oldpssaifabad,pcr,pcr_signal,iqbalminar_signal,oldpssaifabad_signal,overallMeanSpeed,overallmeanTravelTime
0,33.0925,14.1325,14.2575,30,17,82,12.98625998547567,32.145631808278864
,iqbalminar,oldpssaifabad,pcr,pcr_signal,iqbalminar_signal,oldpssaifabad_signal,overallMeanSpeed,overallmeanTravelTime
0,32.985,14.295,14.415000000000001,30,17,83,12.929102099927587,32.428606082548875
,iqbalminar,oldpssaifabad,pcr,pcr_signal,iqbalminar_signal,oldpssaifabad_signal,overallMeanSpeed,overallmeanTravelTime
0,31.6025,13.82,14.174999999999999,30,17,84,13.015469593378915,32.45804246131702
,iqbalminar,oldpssaifabad,pcr,pcr_signal,iqbalminar_signal,oldpssaifabad_signal,overallMeanSpeed,overallmeanTravelTime
0,28.5525,14.912500000000001,13.215,30,18,75,13.411962209302326,31.40778343023256
,iqbalminar,oldpssaifabad,pcr,pcr_signal,iqbalminar_signal,oldpssaifabad_signal,overallMeanSpeed,overallmeanTravelTime
0,1824.1875000000002,1169.4133333333334,1388.1307142857145,30,18,76,0.5233401103688644,318.3832394229839
,iqbalminar,oldpssaifabad,pcr,pcr_signal,iqbalminar_signal,oldpssaifabad_signal,overallMeanSpeed,overallmeanTravelTime
0,31.603333333333335,14.71,13.57,30,18,77,13.12853386167147,31.91695965417868
,iqbalminar,oldpssaifabad,pcr,pcr_signal,iqbalminar_signal,oldpssaifabad_signal,overallMeanSpeed,overallmeanTravelTime
0,32.18333333333333,15.157499999999999,13.932500000000001,30,18,78,13.068997852541159,31.961263421617755
,iqbalminar,oldpssaifabad,pcr,pcr_signal,iqbalminar_signal,oldpssaifabad_signal,overallMeanSpeed,overallmeanTravelTime
0,31.315,14.355,12.952499999999999,30,15,75,13.388926126126124,31.512122522522528
,iqbalminar,oldpssaifabad,pcr,pcr_signal,iqbalminar_signal,oldpssaifabad_signal,overallMeanSpeed,overallmeanTravelTime
0,31.5175,14.155,13.22,30,15,76,13.33455782312925,31.540168277837452
,iqbalminar,oldpssaifabad,pcr,pcr_signal,iqbalminar_signal,oldpssaifabad_signal,overallMeanSpeed,overallmeanTravelTime
0,31.560000000000002,14.6125,12.940000000000001,30,15,75,13.313300935925126,31.376555075593956
,iqbalminar,oldpssaifabad,pcr,pcr_signal,iqbalminar_signal,oldpssaifabad_signal,overallMeanSpeed,overallmeanTravelTime
0,31.080000000000002,14.355,12.935,30,15,76,13.338468146027202,31.468414459556193
,iqbalminar,oldpssaifabad,pcr,pcr_signal,iqbalminar_signal,oldpssaifabad_signal,overallMeanSpeed,overallmeanTravelTime
0,30.480000000000004,14.245000000000001,12.9975,30,15,77,13.363649085037673,31.570767850735557
,iqbalminar,oldpssaifabad,pcr,pcr_signal,iqbalminar_signal,oldpssaifabad_signal,overallMeanSpeed,overallmeanTravelTime
0,30.7975,13.9975,13.0975,30,15,78,13.42918909090909,31.58100727272727
,iqbalminar,oldpssaifabad,pcr,pcr_signal,iqbalminar_signal,oldpssaifabad_signal,overallMeanSpeed,overallmeanTravelTime
0,30.777499999999996,13.4725,12.98,30,15,79,13.446807119505992,31.393850345078096
,iqbalminar,oldpssaifabad,pcr,pcr_signal,iqbalminar_signal,oldpssaifabad_signal,overallMeanSpeed,overallmeanTravelTime
0,31.4975,13.700000000000001,13.1325,30,15,80,13.389250180245133,31.452516222062005
,iqbalminar,oldpssaifabad,pcr,pcr_signal,iqbalminar_signal,oldpssaifabad_signal,overallMeanSpeed,overallmeanTravelTime
0,32.91,13.982499999999998,13.535,30,15,81,13.24915053763441,31.59405376344086
,iqbalminar,oldpssaifabad,pcr,pcr_signal,iqbalminar_signal,oldpssaifabad_signal,overallMeanSpeed,overallmeanTravelTime
0,33.13666666666666,14.12,14.05,30,15,82,12.96736111111111,32.25521723646723
,iqbalminar,oldpssaifabad,pcr,pcr_signal,iqbalminar_signal,oldpssaifabad_signal,overallMeanSpeed,overallmeanTravelTime
0,449.21999999999997,531.8657142857143,657.8828571428572,30,15,83,6.358795599305153,43.29850994016599
,iqbalminar,oldpssaifabad,pcr,pcr_signal,iqbalminar_signal,oldpssaifabad_signal,overallMeanSpeed,overallmeanTravelTime
0,1036.37875,680.1825,688.94375,30,15,84,2.829923168857777,101.12714188150932
,iqbalminar,oldpssaifabad,pcr,pcr_signal,iqbalminar_signal,oldpssaifabad_signal,overallMeanSpeed,overallmeanTravelTime
0,30.692500000000003,15.112499999999999,12.8825,30,16,75,13.32579098067287,31.50683607730852
,iqbalminar,oldpssaifabad,pcr,pcr_signal,iqbalminar_signal,oldpssaifabad_signal,overallMeanSpeed,overallmeanTravelTime
0,30.5875,15.077499999999999,12.91,30,16,76,13.333156384505022,31.51746771879484
,iqbalminar,oldpssaifabad,pcr,pcr_signal,iqbalminar_signal,oldpssaifabad_signal,overallMeanSpeed,overallmeanTravelTime
0,29.657500000000002,14.739999999999998,12.9125,30,16,77,13.514243636363636,31.372418181818183
,iqbalminar,oldpssaifabad,pcr,pcr_signal,iqbalminar_signal,oldpssaifabad_signal,overallMeanSpeed,overallmeanTravelTime
0,30.597499999999997,13.82,12.847499999999998,30,16,78,13.39423174718489,31.48465310570287
,iqbalminar,oldpssaifabad,pcr,pcr_signal,iqbalminar_signal,oldpssaifabad_signal,overallMeanSpeed,overallmeanTravelTime
0,31.134999999999998,14.325000000000001,13.077499999999999,30,16,79,13.275367700072099,31.647754145638068
,iqbalminar,oldpssaifabad,pcr,pcr_signal,iqbalminar_signal,oldpssaifabad_signal,overallMeanSpeed,overallmeanTravelTime
0,32.8175,14.5,13.5225,30,16,80,13.161268362594054,31.834851307774994
,iqbalminar,oldpssaifabad,pcr,pcr_signal,iqbalminar_signal,oldpssaifabad_signal,overallMeanSpeed,overallmeanTravelTime
0,30.6275,14.305,12.5975,29,14,74,13.396438989683386,31.192091782283885
,iqbalminar,oldpssaifabad,pcr,pcr_signal,iqbalminar_signal,oldpssaifabad_signal,overallMeanSpeed,overallmeanTravelTime
0,33.045,13.165,12.8575,29,14,77,13.48238300935925,30.908610511159104
,iqbalminar,oldpssaifabad,pcr,pcr_signal,iqbalminar_signal,oldpssaifabad_signal,overallMeanSpeed,overallmeanTravelTime
0,31.775,13.18,13.442499999999999,29,14,80,13.478275109170307,31.23374090247453
,iqbalminar,oldpssaifabad,pcr,pcr_signal,iqbalminar_signal,oldpssaifabad_signal,overallMeanSpeed,overallmeanTravelTime
0,37.296666666666674,13.092500000000001,13.9175,29,14,83,13.226138153185397,31.641506800286326
,iqbalminar,oldpssaifabad,pcr,pcr_signal,iqbalminar_signal,oldpssaifabad_signal,overallMeanSpeed,overallmeanTravelTime
0,30.144999999999996,14.8675,12.955,29,17,74,13.351040691393592,31.658685631976958
,iqbalminar,oldpssaifabad,pcr,pcr_signal,iqbalminar_signal,oldpssaifabad_signal,overallMeanSpeed,overallmeanTravelTime
0,29.465,14.2625,13.2075,29,17,77,13.466823144104804,31.309137554585153
,iqbalminar,oldpssaifabad,pcr,pcr_signal,iqbalminar_signal,oldpssaifabad_signal,overallMeanSpeed,overallmeanTravelTime
0,33.61333333333334,14.56,14.1175,29,17,80,13.04167859699356,32.02387616320687
,iqbalminar,oldpssaifabad,pcr,pcr_signal,iqbalminar_signal,oldpssaifabad_signal,overallMeanSpeed,overallmeanTravelTime
0,33.2225,14.005,14.245,29,17,83,13.000735240854763,32.25880840275263
,iqbalminar,oldpssaifabad,pcr,pcr_signal,iqbalminar_signal,oldpssaifabad_signal,overallMeanSpeed,overallmeanTravelTime
0,27.520000000000003,15.620000000000001,13.85,29,20,74,13.092303779069766,32.19378997093023
,iqbalminar,oldpssaifabad,pcr,pcr_signal,iqbalminar_signal,oldpssaifabad_signal,overallMeanSpeed,overallmeanTravelTime
0,32.050000000000004,16.435000000000002,13.845,29,20,77,12.885757250268528,32.44268886501969
,iqbalminar,oldpssaifabad,pcr,pcr_signal,iqbalminar_signal,oldpssaifabad_signal,overallMeanSpeed,overallmeanTravelTime
0,31.5525,15.2575,14.2975,29,20,80,12.872409288824384,32.628243831640056
,iqbalminar,oldpssaifabad,pcr,pcr_signal,iqbalminar_signal,oldpssaifabad_signal,overallMeanSpeed,overallmeanTravelTime
0,29.565000000000005,16.09,14.735,29,20,83,12.714367405289494,32.87117226590422
,iqbalminar,oldpssaifabad,pcr,pcr_signal,iqbalminar_signal,oldpssaifabad_signal,overallMeanSpeed,overallmeanTravelTime
0,31.013333333333332,17.715,13.8825,29,23,74,12.674976727533117,33.05908700322234
,iqbalminar,oldpssaifabad,pcr,pcr_signal,iqbalminar_signal,oldpssaifabad_signal,overallMeanSpeed,overallmeanTravelTime
0,29.6775,16.939999999999998,14.05,29,23,77,12.786149945671857,32.92231437884824
,iqbalminar,oldpssaifabad,pcr,pcr_signal,iqbalminar_signal,oldpssaifabad_signal,overallMeanSpeed,overallmeanTravelTime
0,28.285000000000004,16.9125,14.48,29,23,80,12.64646280400572,33.30464949928469
,iqbalminar,oldpssaifabad,pcr,pcr_signal,iqbalminar_signal,oldpssaifabad_signal,overallMeanSpeed,overallmeanTravelTime
0,30.502499999999998,17.5525,14.905,29,23,83,12.35694202898551,33.62831884057971
,iqbalminar,oldpssaifabad,pcr,pcr_signal,iqbalminar_signal,oldpssaifabad_signal,overallMeanSpeed,overallmeanTravelTime
0,30.6275,14.305,12.5975,29,14,74,13.396438989683386,31.192091782283885
,iqbalminar,oldpssaifabad,pcr,pcr_signal,iqbalminar_signal,oldpssaifabad_signal,overallMeanSpeed,overallmeanTravelTime
0,33.045,13.165,12.8575,29,14,77,13.48238300935925,30.908610511159104
,iqbalminar,oldpssaifabad,pcr,pcr_signal,iqbalminar_signal,oldpssaifabad_signal,overallMeanSpeed,overallmeanTravelTime
0,31.775,13.18,13.442499999999999,29,14,80,13.478275109170307,31.23374090247453
,iqbalminar,oldpssaifabad,pcr,pcr_signal,iqbalminar_signal,oldpssaifabad_signal,overallMeanSpeed,overallmeanTravelTime
0,37.296666666666674,13.092500000000001,13.9175,29,14,83,13.226138153185397,31.641506800286326
,iqbalminar,oldpssaifabad,pcr,pcr_signal,iqbalminar_signal,oldpssaifabad_signal,overallMeanSpeed,overallmeanTravelTime
0,30.144999999999996,14.8675,12.955,29,17,74,13.351040691393592,31.658685631976958
,iqbalminar,oldpssaifabad,pcr,pcr_signal,iqbalminar_signal,oldpssaifabad_signal,overallMeanSpeed,overallmeanTravelTime
0,29.465,14.2625,13.2075,29,17,77,13.466823144104804,31.309137554585153
,iqbalminar,oldpssaifabad,pcr,pcr_signal,iqbalminar_signal,oldpssaifabad_signal,overallMeanSpeed,overallmeanTravelTime
0,33.61333333333334,14.56,14.1175,29,17,80,13.04167859699356,32.02387616320687
,iqbalminar,oldpssaifabad,pcr,pcr_signal,iqbalminar_signal,oldpssaifabad_signal,overallMeanSpeed,overallmeanTravelTime
0,33.2225,14.005,14.245,29,17,83,13.000735240854763,32.25880840275263
,iqbalminar,oldpssaifabad,pcr,pcr_signal,iqbalminar_signal,oldpssaifabad_signal,overallMeanSpeed,overallmeanTravelTime
0,27.520000000000003,15.620000000000001,13.85,29,20,74,13.092303779069766,32.19378997093023
,iqbalminar,oldpssaifabad,pcr,pcr_signal,iqbalminar_signal,oldpssaifabad_signal,overallMeanSpeed,overallmeanTravelTime
0,32.050000000000004,16.435000000000002,13.845,29,20,77,12.885757250268528,32.44268886501969
,iqbalminar,oldpssaifabad,pcr,pcr_signal,iqbalminar_signal,oldpssaifabad_signal,overallMeanSpeed,overallmeanTravelTime
0,31.5525,15.2575,14.2975,29,20,80,12.872409288824384,32.628243831640056
,iqbalminar,oldpssaifabad,pcr,pcr_signal,iqbalminar_signal,oldpssaifabad_signal,overallMeanSpeed,overallmeanTravelTime
0,29.565000000000005,16.09,14.735,29,20,83,12.714367405289494,32.87117226590422
,iqbalminar,oldpssaifabad,pcr,pcr_signal,iqbalminar_signal,oldpssaifabad_signal,overallMeanSpeed,overallmeanTravelTime
0,31.013333333333332,17.715,13.8825,29,23,74,12.674976727533117,33.05908700322234
,iqbalminar,oldpssaifabad,pcr,pcr_signal,iqbalminar_signal,oldpssaifabad_signal,overallMeanSpeed,overallmeanTravelTime
0,29.6775,16.939999999999998,14.05,29,23,77,12.786149945671857,32.92231437884824
,iqbalminar,oldpssaifabad,pcr,pcr_signal,iqbalminar_signal,oldpssaifabad_signal,overallMeanSpeed,overallmeanTravelTime
0,28.285000000000004,16.9125,14.48,29,23,80,12.64646280400572,33.30464949928469
,iqbalminar,oldpssaifabad,pcr,pcr_signal,iqbalminar_signal,oldpssaifabad_signal,overallMeanSpeed,overallmeanTravelTime
0,30.502499999999998,17.5525,14.905,29,23,83,12.35694202898551,33.62831884057971
,iqbalminar,oldpssaifabad,pcr,pcr_signal,iqbalminar_signal,oldpssaifabad_signal,overallMeanSpeed,overallmeanTravelTime
0,31.842499999999998,14.2425,12.2575,32,14,74,13.53867027027027,30.99065585585586
,iqbalminar,oldpssaifabad,pcr,pcr_signal,iqbalminar_signal,oldpssaifabad_signal,overallMeanSpeed,overallmeanTravelTime
0,30.765,14.4325,12.610000000000001,32,14,77,13.543839155749637,30.938289665211066
,iqbalminar,oldpssaifabad,pcr,pcr_signal,iqbalminar_signal,oldpssaifabad_signal,overallMeanSpeed,overallmeanTravelTime
0,35.22666666666667,14.805,13.1525,32,14,80,13.158216332378222,31.51164398280802
,iqbalminar,oldpssaifabad,pcr,pcr_signal,iqbalminar_signal,oldpssaifabad_signal,overallMeanSpeed,overallmeanTravelTime
0,35.572500000000005,13.735000000000001,13.58,32,14,83,13.085216127860518,31.669222666182346
,iqbalminar,oldpssaifabad,pcr,pcr_signal,iqbalminar_signal,oldpssaifabad_signal,overallMeanSpeed,overallmeanTravelTime
0,29.8275,15.3425,12.61,32,17,74,13.47525971667272,31.278369051943336
,iqbalminar,oldpssaifabad,pcr,pcr_signal,iqbalminar_signal,oldpssaifabad_signal,overallMeanSpeed,overallmeanTravelTime
0,1027.1642857142856,719.628,913.26,32,17,77,3.379812351211315,113.5662218176726
,iqbalminar,oldpssaifabad,pcr,pcr_signal,iqbalminar_signal,oldpssaifabad_signal,overallMeanSpeed,overallmeanTravelTime
0,32.9925,15.864999999999998,13.495,32,17,80,12.924911135291982,32.44787087413856
,iqbalminar,oldpssaifabad,pcr,pcr_signal,iqbalminar_signal,oldpssaifabad_signal,overallMeanSpeed,overallmeanTravelTime
0,30.534999999999997,15.805,13.532499999999999,32,17,83,12.993154698106466,32.18817792068596
,iqbalminar,oldpssaifabad,pcr,pcr_signal,iqbalminar_signal,oldpssaifabad_signal,overallMeanSpeed,overallmeanTravelTime
0,32.656666666666666,17.127499999999998,13.075,32,20,74,12.875729129344322,32.225668219276244
,iqbalminar,oldpssaifabad,pcr,pcr_signal,iqbalminar_signal,oldpssaifabad_signal,overallMeanSpeed,overallmeanTravelTime
0,31.5525,17.5475,13.5075,32,20,77,12.72289597680319,32.47923885465749
,iqbalminar,oldpssaifabad,pcr,pcr_signal,iqbalminar_signal,oldpssaifabad_signal,overallMeanSpeed,overallmeanTravelTime
0,29.1475,17.037499999999998,13.8125,32,20,80,12.821857806359413,32.65478742408003
,iqbalminar,oldpssaifabad,pcr,pcr_signal,iqbalminar_signal,oldpssaifabad_signal,overallMeanSpeed,overallmeanTravelTime
0,1267.791111111111,840.2969999999999,1003.954,32,20,83,3.142241117102171,106.10131204202959
,iqbalminar,oldpssaifabad,pcr,pcr_signal,iqbalminar_signal,oldpssaifabad_signal,overallMeanSpeed,overallmeanTravelTime
0,30.262500000000003,19.045,13.200000000000001,32,23,74,12.624402606806662,33.11328385228096
,iqbalminar,oldpssaifabad,pcr,pcr_signal,iqbalminar_signal,oldpssaifabad_signal,overallMeanSpeed,overallmeanTravelTime
0,28.505000000000003,18.4275,13.69,32,23,77,12.657091818506608,33.038292247231155
,iqbalminar,oldpssaifabad,pcr,pcr_signal,iqbalminar_signal,oldpssaifabad_signal,overallMeanSpeed,overallmeanTravelTime
0,31.424999999999997,18.645,13.655,32,23,80,12.51634817227651,32.881570756424175
,iqbalminar,oldpssaifabad,pcr,pcr_signal,iqbalminar_signal,oldpssaifabad_signal,overallMeanSpeed,overallmeanTravelTime
0,29.602500000000003,17.5975,14.1775,32,23,83,12.61031093638313,32.80886347390994
,iqbalminar,oldpssaifabad,pcr,pcr_signal,iqbalminar_signal,oldpssaifabad_signal,overallMeanSpeed,overallmeanTravelTime
0,31.1625,15.685,11.870000000000001,35,14,74,13.53331270476884,31.06953403713142
,iqbalminar,oldpssaifabad,pcr,pcr_signal,iqbalminar_signal,oldpssaifabad_signal,overallMeanSpeed,overallmeanTravelTime
0,34.5475,16.2025,12.600000000000001,35,14,77,13.121974955277281,31.69012880143113
,iqbalminar,oldpssaifabad,pcr,pcr_signal,iqbalminar_signal,oldpssaifabad_signal,overallMeanSpeed,overallmeanTravelTime
0,34.905,15.256666666666666,12.74,35,14,80,13.204980050779833,31.915371780921287
,iqbalminar,oldpssaifabad,pcr,pcr_signal,iqbalminar_signal,oldpssaifabad_signal,overallMeanSpeed,overallmeanTravelTime
0,32.2425,15.36,12.952499999999999,35,14,83,13.172489300998574,31.827475035663333
,iqbalminar,oldpssaifabad,pcr,pcr_signal,iqbalminar_signal,oldpssaifabad_signal,overallMeanSpeed,overallmeanTravelTime
0,32.059999999999995,18.03,12.540000000000001,35,17,74,12.940851825340015,31.853851109520402
,iqbalminar,oldpssaifabad,pcr,pcr_signal,iqbalminar_signal,oldpssaifabad_signal,overallMeanSpeed,overallmeanTravelTime
0,32.985,17.275000000000002,12.81,35,17,77,12.91755161173488,32.547243752263675
,iqbalminar,oldpssaifabad,pcr,pcr_signal,iqbalminar_signal,oldpssaifabad_signal,overallMeanSpeed,overallmeanTravelTime
0,31.3625,17.47,13.22,35,17,80,12.8372902534809,32.422374152088544
,iqbalminar,oldpssaifabad,pcr,pcr_signal,iqbalminar_signal,oldpssaifabad_signal,overallMeanSpeed,overallmeanTravelTime
0,33.8675,18.285,13.18,35,17,83,12.609109018471568,32.96259688518653
,iqbalminar,oldpssaifabad,pcr,pcr_signal,iqbalminar_signal,oldpssaifabad_signal,overallMeanSpeed,overallmeanTravelTime
0,31.18,18.5225,12.495000000000001,35,20,74,12.881335021707669,32.45627713458755
,iqbalminar,oldpssaifabad,pcr,pcr_signal,iqbalminar_signal,oldpssaifabad_signal,overallMeanSpeed,overallmeanTravelTime
0,30.2125,19.1225,13.075000000000001,35,20,77,12.633860149839457,33.17635033892258
,iqbalminar,oldpssaifabad,pcr,pcr_signal,iqbalminar_signal,oldpssaifabad_signal,overallMeanSpeed,overallmeanTravelTime
0,383.56333333333333,233.67999999999998,635.6857142857143,35,20,80,6.25062876506024,46.86908320783132
,iqbalminar,oldpssaifabad,pcr,pcr_signal,iqbalminar_signal,oldpssaifabad_signal,overallMeanSpeed,overallmeanTravelTime
0,31.525,17.380000000000003,13.165,35,20,83,12.864594498035013,32.59068238656663
,iqbalminar,oldpssaifabad,pcr,pcr_signal,iqbalminar_signal,oldpssaifabad_signal,overallMeanSpeed,overallmeanTravelTime
0,28.727500000000003,21.0075,12.9875,35,23,74,12.556149179157746,33.61345824411135
,iqbalminar,oldpssaifabad,pcr,pcr_signal,iqbalminar_signal,oldpssaifabad_signal,overallMeanSpeed,overallmeanTravelTime
0,30.369999999999997,20.3975,13.11,35,23,77,12.540195581311117,33.24522998913437
,iqbalminar,oldpssaifabad,pcr,pcr_signal,iqbalminar_signal,oldpssaifabad_signal,overallMeanSpeed,overallmeanTravelTime
0,1410.249090909091,952.5161538461538,1421.4746153846156,35,23,80,0.7389686842978865,258.6360639592785
,iqbalminar,oldpssaifabad,pcr,pcr_signal,iqbalminar_signal,oldpssaifabad_signal,overallMeanSpeed,overallmeanTravelTime
0,31.752499999999998,19.3975,14.0825,35,23,83,12.456547101449278,33.642789855072465
,iqbalminar,oldpssaifabad,pcr,pcr_signal,iqbalminar_signal,oldpssaifabad_signal,overallMeanSpeed,overallmeanTravelTime
0,34.5,18.2775,12.170000000000002,38,14,74,12.908401859134788,32.12587057561673
,iqbalminar,oldpssaifabad,pcr,pcr_signal,iqbalminar_signal,oldpssaifabad_signal,overallMeanSpeed,overallmeanTravelTime
0,34.755,17.155,12.12,38,14,77,13.108844202898553,32.09140942028986
,iqbalminar,oldpssaifabad,pcr,pcr_signal,iqbalminar_signal,oldpssaifabad_signal,overallMeanSpeed,overallmeanTravelTime
0,32.292500000000004,17.197499999999998,12.395,38,14,80,13.041140007125042,32.18552190951194
,iqbalminar,oldpssaifabad,pcr,pcr_signal,iqbalminar_signal,oldpssaifabad_signal,overallMeanSpeed,overallmeanTravelTime
0,36.3725,17.709999999999997,12.440000000000001,38,14,83,12.845650126765664,32.25490402028251
,iqbalminar,oldpssaifabad,pcr,pcr_signal,iqbalminar_signal,oldpssaifabad_signal,overallMeanSpeed,overallmeanTravelTime
0,1310.5255555555557,823.0359999999998,939.3189999999998,38,17,74,3.5946100948975386,100.35308898363361
,iqbalminar,oldpssaifabad,pcr,pcr_signal,iqbalminar_signal,oldpssaifabad_signal,overallMeanSpeed,overallmeanTravelTime
0,31.110000000000003,18.9375,12.4,38,17,77,12.913865905848786,32.46168687589159
,iqbalminar,oldpssaifabad,pcr,pcr_signal,iqbalminar_signal,oldpssaifabad_signal,overallMeanSpeed,overallmeanTravelTime
0,34.31,19.927500000000002,12.5275,38,17,80,12.630810712993123,32.97228736880202
,iqbalminar,oldpssaifabad,pcr,pcr_signal,iqbalminar_signal,oldpssaifabad_signal,overallMeanSpeed,overallmeanTravelTime
0,32.1225,17.810000000000002,12.73,38,17,83,12.90215763195435,32.51509629101284
,iqbalminar,oldpssaifabad,pcr,pcr_signal,iqbalminar_signal,oldpssaifabad_signal,overallMeanSpeed,overallmeanTravelTime
0,30.82,20.4375,12.6575,38,20,74,12.62944008559201,32.8708059914408
,iqbalminar,oldpssaifabad,pcr,pcr_signal,iqbalminar_signal,oldpssaifabad_signal,overallMeanSpeed,overallmeanTravelTime
0,32.120000000000005,20.884999999999998,12.397499999999999,38,20,77,12.547800724637682,32.99647463768115
,iqbalminar,oldpssaifabad,pcr,pcr_signal,iqbalminar_signal,oldpssaifabad_signal,overallMeanSpeed,overallmeanTravelTime
0,31.487499999999997,19.2475,12.7675,38,20,80,12.661858722797003,33.14223332144131
,iqbalminar,oldpssaifabad,pcr,pcr_signal,iqbalminar_signal,oldpssaifabad_signal,overallMeanSpeed,overallmeanTravelTime
0,32.955,19.1425,13.674999999999999,38,20,83,12.506887441187114,33.04393051031487
,iqbalminar,oldpssaifabad,pcr,pcr_signal,iqbalminar_signal,oldpssaifabad_signal,overallMeanSpeed,overallmeanTravelTime
0,30.9375,22.8425,12.4125,38,23,74,12.318158465991317,33.33285817655572
,iqbalminar,oldpssaifabad,pcr,pcr_signal,iqbalminar_signal,oldpssaifabad_signal,overallMeanSpeed,overallmeanTravelTime
0,30.025000000000002,20.412499999999998,12.694999999999999,38,23,77,12.572023554603854,33.37161313347609
,iqbalminar,oldpssaifabad,pcr,pcr_signal,iqbalminar_signal,oldpssaifabad_signal,overallMeanSpeed,overallmeanTravelTime
0,31.737500000000004,20.317500000000003,13.627499999999998,38,23,80,12.487639391745113,33.069992758870384
,iqbalminar,oldpssaifabad,pcr,pcr_signal,iqbalminar_signal,oldpssaifabad_signal,overallMeanSpeed,overallmeanTravelTime
0,31.714999999999996,19.505,13.665000000000001,38,23,83,12.549570200573063,33.302854584527225
,iqbalminar,oldpssaifabad,pcr,pcr_signal,iqbalminar_signal,oldpssaifabad_signal,overallMeanSpeed,overallmeanTravelTime
0,31.315,14.355,12.952499999999999,30,15,75,13.388926126126124,31.512122522522528
,iqbalminar,oldpssaifabad,pcr,pcr_signal,iqbalminar_signal,oldpssaifabad_signal,overallMeanSpeed,overallmeanTravelTime
0,31.5175,14.155,13.22,30,15,76,13.33455782312925,31.540168277837452
,iqbalminar,oldpssaifabad,pcr,pcr_signal,iqbalminar_signal,oldpssaifabad_signal,overallMeanSpeed,overallmeanTravelTime
0,30.655,13.772499999999999,13.454999999999998,30,15,77,13.330487804878052,31.641151362984218
,iqbalminar,oldpssaifabad,pcr,pcr_signal,iqbalminar_signal,oldpssaifabad_signal,overallMeanSpeed,overallmeanTravelTime
0,30.354999999999997,13.75,13.364999999999998,30,15,78,13.561385454545453,31.521127272727274
,iqbalminar,oldpssaifabad,pcr,pcr_signal,iqbalminar_signal,oldpssaifabad_signal,overallMeanSpeed,overallmeanTravelTime
0,31.0,13.84,13.245000000000001,30,15,79,13.363961510530137,31.40599128540305
,iqbalminar,oldpssaifabad,pcr,pcr_signal,iqbalminar_signal,oldpssaifabad_signal,overallMeanSpeed,overallmeanTravelTime
0,32.4225,13.49,13.632499999999999,30,15,80,13.17488279841327,31.874633970429134
,iqbalminar,oldpssaifabad,pcr,pcr_signal,iqbalminar_signal,oldpssaifabad_signal,overallMeanSpeed,overallmeanTravelTime
0,31.2225,14.24,12.91,30,15,75,13.285053995680345,31.544557235421166
,iqbalminar,oldpssaifabad,pcr,pcr_signal,iqbalminar_signal,oldpssaifabad_signal,overallMeanSpeed,overallmeanTravelTime
0,31.2225,14.24,12.91,30,15,76,13.452708407871198,31.210658318425757
,iqbalminar,oldpssaifabad,pcr,pcr_signal,iqbalminar_signal,oldpssaifabad_signal,overallMeanSpeed,overallmeanTravelTime
0,31.2225,14.24,12.91,30,15,77,13.4637912482066,31.34714131994261
,iqbalminar,oldpssaifabad,pcr,pcr_signal,iqbalminar_signal,oldpssaifabad_signal,overallMeanSpeed,overallmeanTravelTime
0,31.2225,14.24,12.91,30,15,78,11.276298960831333,32.145227817745806
,iqbalminar,oldpssaifabad,pcr,pcr_signal,iqbalminar_signal,oldpssaifabad_signal,overallMeanSpeed,overallmeanTravelTime
0,31.2225,14.24,12.91,30,15,79,13.294193899782135,31.762407407407405
,iqbalminar,oldpssaifabad,pcr,pcr_signal,iqbalminar_signal,oldpssaifabad_signal,overallMeanSpeed,overallmeanTravelTime
0,31.2225,14.24,12.91,30,15,80,13.198835196538047,31.7602524341868
,iqbalminar,oldpssaifabad,pcr,pcr_signal,iqbalminar_signal,oldpssaifabad_signal,overallMeanSpeed,overallmeanTravelTime
0,31.2225,14.24,12.91,30,15,81,13.081521116678598,31.907118826055836
,iqbalminar,oldpssaifabad,pcr,pcr_signal,iqbalminar_signal,oldpssaifabad_signal,overallMeanSpeed,overallmeanTravelTime
0,31.2225,14.24,12.91,30,15,82,13.132168031327875,31.85689925240299
,iqbalminar,oldpssaifabad,pcr,pcr_signal,iqbalminar_signal,oldpssaifabad_signal,overallMeanSpeed,overallmeanTravelTime
0,31.2225,14.24,12.91,30,15,83,12.962230320699708,32.454026967930034
,iqbalminar,oldpssaifabad,pcr,pcr_signal,iqbalminar_signal,oldpssaifabad_signal,overallMeanSpeed,overallmeanTravelTime
0,31.2225,14.24,12.91,30,15,84,13.123513808139537,32.021104651162794
,iqbalminar,oldpssaifabad,pcr,pcr_signal,iqbalminar_signal,oldpssaifabad_signal,overallMeanSpeed,overallmeanTravelTime
0,31.2225,14.24,12.91,30,16,75,13.436885069817402,31.188632295023275
,iqbalminar,oldpssaifabad,pcr,pcr_signal,iqbalminar_signal,oldpssaifabad_signal,overallMeanSpeed,overallmeanTravelTime
0,31.2225,14.24,12.91,30,16,76,13.481061312298316,31.45572606669057
,iqbalminar,oldpssaifabad,pcr,pcr_signal,iqbalminar_signal,oldpssaifabad_signal,overallMeanSpeed,overallmeanTravelTime
0,31.2225,14.24,12.91,30,16,77,13.460742358078603,31.380316593886462
,iqbalminar,oldpssaifabad,pcr,pcr_signal,iqbalminar_signal,oldpssaifabad_signal,overallMeanSpeed,overallmeanTravelTime
0,31.2225,14.24,12.91,30,15,75,13.285053995680345,31.544557235421166
,iqbalminar,oldpssaifabad,pcr,pcr_signal,iqbalminar_signal,oldpssaifabad_signal,overallMeanSpeed,overallmeanTravelTime
0,31.442500000000003,14.5925,12.864999999999998,30,15,76,13.452708407871198,31.210658318425757
,iqbalminar,oldpssaifabad,pcr,pcr_signal,iqbalminar_signal,oldpssaifabad_signal,overallMeanSpeed,overallmeanTravelTime
0,30.9125,14.025,12.725000000000001,30,15,77,13.4637912482066,31.34714131994261
,iqbalminar,oldpssaifabad,pcr,pcr_signal,iqbalminar_signal,oldpssaifabad_signal,overallMeanSpeed,overallmeanTravelTime
0,106.21,67.728,75.66,30,15,78,11.276298960831333,32.145227817745806
,iqbalminar,oldpssaifabad,pcr,pcr_signal,iqbalminar_signal,oldpssaifabad_signal,overallMeanSpeed,overallmeanTravelTime
0,31.2225,14.24,12.91,30,15,75,13.285053995680345,31.544557235421166
,iqbalminar,oldpssaifabad,pcr,pcr_signal,iqbalminar_signal,oldpssaifabad_signal,overallMeanSpeed,overallmeanTravelTime
0,31.2225,14.24,12.91,30,15,75,13.285053995680345,31.544557235421166
